id,name,gender,address,country,email,unit,experience,domain
id_121100,John Stanley,Male,67985 Mendez Shoal Apt. 945 Rebeccaview  MA 64107,Grenada,John@thomas.com,Testing,12,Software development
id_121101,Shannon Wilson,Female,8411 Campos Falls North Ginaburgh  WY 61971,Egypt,Shannon@gmail.com,IT,13,ML
id_121102,Dustin Liu,Male,837 Charles Landing Apt. 318 Millertown  OK 81338,Estonia,Dustin@yahoo.com,Data Science,1,Software development
id_121103,Samuel Gordon,Male,149 Megan Villages Port Kimburgh  TN 95934,Botswana,Samuel@gmail.com,Data Science,20,Frontend developer
id_121104,Richard Perry Jr.,Male,14172 Williams Hill Apt. 755 Scottton  VT 77025,Cuba,Richard@gmail.com,Predictive analysis frameworks,9,Software development
id_121105,Crystal Gutierrez,Female,1257 Douglas Garden Suite 327 Trujilloside  NJ 15310,Trinidad and Tobago,Crystal@ward-barker.com,Data Science,11,Software development
id_121106,Brandon Edwards,Male,2995 Robin Prairie Apt. 680 Lake Nathan  UT 41942,Japan,Brandon@espinoza.net,Testing,6,Data engineer
id_121107,Ricky Martin,Male,0129 Rodriguez Mews Suite 533 North Antonio  IL 90798,Sweden,Ricky@leon.info,Data Science,7,Software development
id_121108,Gary Keith,Male,875 Melinda Overpass Suite 850 Rosefurt  OK 59295,Somalia,Gary@gmail.com,Testing,29,Frontend developer
id_121109,Rachel Mckee,Female,96418 Douglas Keys Suite 054 East Loganmouth  TX 29791,France,Rachel@gmail.com,Testing,3,Software development
id_121110,Mark Preston,Male,37158 Heather Pike Saraview  OK 82200,Jamaica,Mark@perry.com,Predictive analysis frameworks,22,Data engineer
id_121111,Cindy Lucas,Female,1128 Martin Streets Suite 916 East John  AK 68444,Saudi Arabia,Cindy@wilson.info,IT,10,Frontend developer
id_121112,Randy Guzman,Male,Unit 7730 Box 6036 DPO AE 11878,Belgium,Randy@gmail.com,Testing,6,ML
id_121113,Wendy Reese,Female,7745 Wagner Lodge Lake John  UT 28147,Guyana,Wendy@french.com,IT,1,ML
id_121114,Amber Lang,Female,84741 Brittany Rapids Suite 530 Davisville  OH 88093,Central African Republic,Amber@johnston-newton.com,Testing,14,Software development
id_121115,Andre Wilson,Male,403 Patricia Isle Port Brianshire  SD 84126,Bahrain,Andre@jackson.com,IT,19,ML
id_121116,John Hoffman,Male,852 Fuentes Brooks Shanetown  SC 18537,Bahamas,John@gmail.com,IT,20,Data engineer
id_121117,Carlos Torres,Male,100 Justin Courts Kathyport  DC 80765,Solomon Islands,Carlos@hotmail.com,Engineering,28,Software development
id_121118,Nathan Miller,Male,4570 Ferguson Estate Port Michaelbury  AR 32720,Zambia,Nathan@yahoo.com,Testing,23,Frontend developer
id_121119,Mary Smith,Female,2988 Margaret Vista Apt. 595 Josephchester  MN 20385,Saudi Arabia,Mary@gmail.com,Predictive analysis frameworks,6,Data engineer
id_121120,Jeffrey Evans,Male,77315 Lee Dam Suite 629 Kevinbury  OK 15845,Antarctica (the territory South of 60 deg S),Jeffrey@smith-greene.com,Predictive analysis frameworks,14,ML
id_121121,Ashley Trevino,Female,5476 Elizabeth Expressway Suite 535 Lake Amanda  SC 35977,Israel,Ashley@maldonado.com,Testing,9,ML
id_121122,Corey Duncan,Male,3726 Nolan Mission Suite 001 Lake Kelly  ID 67393,Saint Lucia,Corey@gmail.com,Testing,12,ML
id_121123,Christina Weber,Female,7004 Carol Forks Suite 627 Molinaberg  VT 35606,Morocco,Christina@gmail.com,Testing,1,Frontend developer
id_121124,Melissa Taylor,Female,4485 Wood Throughway Chanland  MA 24557,Azerbaijan,Melissa@potter-hoover.com,Data Science,12,ML
id_121125,Stephanie Small,Female,4424 Holmes Brook Suite 194 Anthonyfurt  DC 06986,Netherlands,Stephanie@gmail.com,IT,30,Software development
id_121126,Gabriel Harris,Male,4636 Taylor Summit Suite 968 North Brendaville  NE 76625,Solomon Islands,Gabriel@gmail.com,Predictive analysis frameworks,19,Software development
id_121127,Martin Graham,Male,480 Jensen Fall Apt. 978 Davisfurt  GA 61439,Congo,Martin@gmail.com,Predictive analysis frameworks,22,Software development
id_121128,Teresa Williams,Female,2224 Dale Radial Jessicaview  CO 07068,Brazil,Teresa@hotmail.com,Data Science,30,Data engineer
id_121129,Heather Holt DDS,Female,2448 Alvarez Garden East Michelle  PA 13754,Gibraltar,Heather@gmail.com,Testing,9,Software development
id_121130,Dustin Scott,Male,815 Luke Courts West Brian  TX 81914,Lao People's Democratic Republic,Dustin@hernandez.biz,IT,15,ML
id_121131,Mark Fisher,Male,698 Scott Run Bautistamouth  SD 15321,Iceland,Mark@long.info,Predictive analysis frameworks,7,Frontend developer
id_121132,Brendan Ross,Male,Unit 1412 Box 4353 DPO AE 30436,Pitcairn Islands,Brendan@mccoy-dixon.com,Testing,27,Software development
id_121133,Carl Johnson,Male,Unit 2871 Box 2501 DPO AP 13097,Pitcairn Islands,Carl@duncan.org,Engineering,16,Software development
id_121134,Rebecca Williams,Female,42151 Mason Isle West Benjaminside  AL 69070,French Guiana,Rebecca@gmail.com,IT,27,Data engineer
id_121135,Mrs. Melinda Jordan,Female,40457 John Mountains North Derrick  NC 98573,Guatemala,Mrs.@harrington.net,IT,26,Data engineer
id_121136,Michelle Sanchez,Female,55182 Murray Inlet Port Bradley  NC 10367,Suriname,Michelle@pollard.net,Engineering,8,Frontend developer
id_121137,Kayla Moran,Female,66335 Joseph Court Apt. 687 South Walterstad  ME 50593,Togo,Kayla@gmail.com,IT,25,Frontend developer
id_121138,Pamela Brown,Female,PSC 7690  Box 8007 APO AA 32759,Bahrain,Pamela@hotmail.com,Testing,12,Data engineer
id_121139,Christina Barton,Female,7961 Shawn Ford Apt. 127 Biancaton  AR 09627,Canada,Christina@day-anderson.com,IT,5,Software development
id_121140,Pamela Roberts,Female,14040 Compton Orchard East Tracey  CA 23656,Kenya,Pamela@carter-nelson.biz,Predictive analysis frameworks,5,Software development
id_121141,Richard Kidd,Male,274 Thomas Field Rothfort  NE 94426,Thailand,Richard@hotmail.com,Data Science,29,Software development
id_121142,Ian Richardson,Male,231 Anita Tunnel Apt. 465 Brendaport  RI 23624,Svalbard & Jan Mayen Islands,Ian@brown.org,Data Science,5,Data engineer
id_121143,Charles Mcgrath,Male,PSC 2613  Box 3838 APO AE 44939,France,Charles@yahoo.com,Testing,16,Software development
id_121144,Jeremy Johnson,Male,Unit 9302 Box 2973 DPO AA 19492,Bahamas,Jeremy@gmail.com,IT,15,Data engineer
id_121145,Bruce Schmidt,Male,561 Wilson View Port Gregshire  IN 70401,Poland,Bruce@burke.com,Engineering,27,ML
id_121146,Jessica Leonard,Female,965 Heather Crossing Danatown  AR 29908,Congo,Jessica@garcia.info,Engineering,28,Software development
id_121147,Brent Taylor,Male,5971 Aaron Mountains Simmonsshire  NV 16822,Puerto Rico,Brent@davidson-harris.com,IT,10,Software development
id_121148,Lori Barr,Female,540 Mark Plaza Suite 669 South Sarah  FL 38352,Greenland,Lori@gmail.com,Predictive analysis frameworks,2,Software development
id_121149,James Rodriguez,Male,926 Stephanie Shoals Suite 202 West Teresa  PA 31704,Cote d'Ivoire,James@hotmail.com,Engineering,28,Data engineer
id_121150,Johnny Montgomery,Male,6901 Johns Inlet East Rodney  SC 10519,Russian Federation,Johnny@parsons-schultz.com,IT,1,ML
id_121151,Martha Miller,Female,547 Madison Trace Anaberg  TX 01483,Saint Lucia,Martha@galvan.com,IT,26,Data engineer
